-- phpMyAdmin SQL Dump
-- version 5.2.1
-- https://www.phpmyadmin.net/
--
-- Host: 127.0.0.1
-- Tempo de geração: 19/11/2025 às 13:13
-- Versão do servidor: 10.4.32-MariaDB
-- Versão do PHP: 8.0.30

SET SQL_MODE = "NO_AUTO_VALUE_ON_ZERO";
START TRANSACTION;
SET time_zone = "+00:00";


/*!40101 SET @OLD_CHARACTER_SET_CLIENT=@@CHARACTER_SET_CLIENT */;
/*!40101 SET @OLD_CHARACTER_SET_RESULTS=@@CHARACTER_SET_RESULTS */;
/*!40101 SET @OLD_COLLATION_CONNECTION=@@COLLATION_CONNECTION */;
/*!40101 SET NAMES utf8mb4 */;

--
-- Banco de dados: `infocurso`
--

-- --------------------------------------------------------

--
-- Estrutura para tabela `alunos`
--

CREATE TABLE `alunos` (
  `id` int(11) NOT NULL,
  `nome` varchar(255) NOT NULL,
  `rg` varchar(30) NOT NULL,
  `cpf` varchar(20) NOT NULL,
  `endereco` varchar(255) NOT NULL,
  `tel` varchar(80) NOT NULL,
  `escolaridade` varchar(50) NOT NULL,
  `turma` int(11) NOT NULL
) ENGINE=InnoDB DEFAULT CHARSET=utf8mb4 COLLATE=utf8mb4_general_ci;

--
-- Despejando dados para a tabela `alunos`
--

INSERT INTO `alunos` (`id`, `nome`, `rg`, `cpf`, `endereco`, `tel`, `escolaridade`, `turma`) VALUES
(1, 'ANA LYVIA SILVA RODRIGUES', '', '120.762.323-70', 'RUA MIGUEL VIEIRA DA CRUZ, 50, VILA IRACEMA', '(88) 98172-6201', '', 15),
(2, 'ANNA LETÍCIA LIMA DO NASCIMENTO', '', '109.940.573-42', 'RUA VEREADOR ANT LEMOS, 127, CENTRO', '(88) 99854-4011', '', 15),
(3, 'ANTONIO GUILHERME DE SOUSA VIEIRA', '', '106.670.603-40', 'ST RIACHO VERDE', '(88) 98114-4541', '', 15),
(4, 'ANTONIO LEONARDO DIMAS CASEMIRO FILHO', '', '116.944.373-70', 'RUA LINO CONDE, 3, CENTRO', '(88) 99707-1982', '', 15),
(5, 'ANTONIO MARLYSSON ACELINO DUARTE', '', '097.389.183-16', 'ST CANUDOS', '(88) 99640-3344', '', 15),
(6, 'ANTONIO MURILO DO NASCIMENTO SILVA', '', '116.368.443-08', 'ST AMONTADA', '(88) 99706-6278', '', 15),
(7, 'BRUNA ALVES DO NASCIMENTO', '', '029.842.023-68', 'ST SAO RAIMUNDO', '(88) 99657-9167', '', 15),
(8, 'CARLOS EDUARDO DA SILVA OLIVEIRA', '', '090.864.593-74', 'ST GERIMUM', '(88) 99779-9761', '', 15),
(9, 'CARLOS SILVA DO NASCIMENTO', '', '067.631.723-54', 'ST BOA VENTURA', '(88) 98226-4774', '', 15),
(10, 'ELLOÁ ANDRÉ DE LIMA', '', '116.291.053-41', 'ST TEIXEIRA', '(88) 99647-4244', '', 15),
(11, 'DIOGO MIGUEL PAIVA SANTIAGO', '', '110.451.143-67', 'RUA JULIO CESAR DE A FREITAS, 214, SAO JOSÉ', '(88) 99645-3862', '', 15),
(12, 'EMANUELLY AGUIAR CAVALCANTE', '', '553.358.308-40', 'TV AMÉLIA C DE FARIAS, 80, RECREIO', '(88) 99714-7086', '', 15),
(13, 'FRANCISCO HENRIQUE BEZERRA DE SOUSA', '', '066.919.313-51', 'ST SERAFIM DIAS', '(88) 99697-0802', '', 15),
(14, 'FRANCISCO LUAN AMARO DE ARAÚJO', '', '109.623.123-98', 'CASAS POPULARES', '(88) 98184-6848', '', 15),
(15, 'GEAN DA SIVLA MODESTO', '', '635.737.533-02', 'ST QUEIMADAS DOS TORRES', '(88) 99767-1374', '', 15),
(16, 'HENRIQUE MARQUES DE BRITO', '', '122.163.673-11', 'ST RECREAÇÃO', '(88) 99766-2182', '', 15),
(17, 'LARA VITÓRIA CANDIDO', '', '112.544.713-32', 'TV VEREADOR A LEMOS, 155, BEIRA RIO', '(88) 99809-1324', '', 15),
(18, 'LAZARO COSTA E SILVA', '', '075.704.953-22', 'ST RECREACAO', '(88) 99744-9111', '', 15),
(19, 'LUCIELE TELES VIEIRA', '', '626.466.613-04', 'R OLIMPIO VIEIRA, 31, ANT SOARES', '(88) 99743-2195', '', 15),
(20, 'MARIA ALICE UMBELINO DA SILVA', '', '112.529.933-90', 'R ANT SEBASTIANA AGUIAR, 112, TEJUBANA', '(88) 99718-2101', '', 15),
(21, 'MARIA APARECIDA RODRIGUES CAVALCANTE', '', '120.068.413-35', 'ST BOA VENTURA', '(88) 99987-4865', '', 15),
(22, 'MARIA ISADORA DE ALENCAR ARAÚJO', '', '109.965.693-16', 'RUA LUZIA SABINO, 83, TEJUBANA', '(88) 99727-4967', '', 15),
(23, 'MARIA SOFHYA TORRES DE LIMA', '', '', 'ST QUEIMADAS DOS TORRES', '(88) 99900-2714', '', 15),
(24, 'MARÍLIA MARTINS DE SOUSA', '', '122.595.413-48', 'ST AMONTADA', '(88) 99777-9902', '', 15),
(25, 'MATEUS DE OLIVEIRA MACIEL', '', '635.749.333-39', 'ST RECREACAO', '(88) 99874-3040', '', 15),
(26, 'RAISSA EMILY CAVALCANTE DE CASTRO', '', '090.627.053-75', 'RUA D., 79, VILA SÃO JOSÉ', '(88) 99994-6415', '', 15),
(27, 'YASMIN ALVES DE ALMEIDA', '', '', 'ST LAGOA DO SITONHO', '(88) 99846-4323', '', 15),
(28, 'YASMIN VITÓRIA TEIXEIRA SANTOS', '', '241.979.308-01', 'RUA PADRE LINO ADERALDO, 43, CENTRO', '(88) 99710-0986', '', 15),
(29, 'YURI DE CAARVALHO ALVES', '', '075.551.733-44', 'ST CAMARÁ', '(88) 98151-9010', '', 15),
(30, 'ALANNYS MARIA OLIVEIRA CAVALCANTE', '', '128.923.963-01', 'ST SAO RAIMUNDO', '(88) 99743-2401', '', 16),
(31, 'ALICE PEREIRA COSTA', '', '110.555.393-01', 'RUA SEBASTIAO A DE LIMA, 14, RECREIO', '(88) 99744-8357', '', 16),
(32, 'ALISSON JUAN CAVALCANTE NOGUEIRA', '', '099.996.093-84', 'RUA JOANA VIEIRA SÁ, 95, SÃO DOMINGOS', '(88) 98103-1258', '', 16),
(33, 'ANA LUIZA LIMA DE ARAUJO', '', '079.660.863-64', 'RUA VEREADOR A LEMOS, 167, BEIRA RIO', '(88) 99779-9267', '', 16),
(34, 'ANTONIO ALLEF SILVA DE ALMEIDA', '', '111.854.973-23', 'RUA FISCAL CHICO LUCAS, S/N, RECREIO', '(11) 91460-4820', '', 16),
(35, 'ANTONIO GABRIEL LIMA MARTINS', '', '', 'RUA MANOEL VERAS, 257, REJUBANA', '(88) 99952-0916', '', 16),
(36, 'ANTONIO LUANDESON SOUSA DA SILVA', '', '110.345.703-90', 'RUA VEREADOR A LEMOS, S/N, BEIRA RIO', '(88) 99654-0748', '', 16),
(37, 'DAVI WALLACY FERREIRA DE LIMA', '', '119.986.773-03', 'CASAS POPULARES', '(85) 99760-5193', '', 16),
(38, 'FILIPE BATISTA ARAÚJO', '', '', '', '(88) 99674-4963', '', 16),
(39, 'FRANCISCO LEVI SILVA AGUIAR', '', '125.111.053-30', 'ST FLORES', '(88) 99778-6630', '', 16),
(40, 'GABRIEL ANGELO SOUSA TEIXEIRA', '', '632.891.693-08', 'ST CROATA', '(85) 98752-3915', '', 16),
(41, 'JOÃO VICTOR DE SOUSA ALMEIDA', '', '115.548.553-06', 'RUA VEREADOR A LEMOS, 156, BEIRA RIO', '(88) 98894-0088', '', 16),
(42, 'KALEB MENDES DA SILVA', '', '601.957.768-60', 'RUA VITAL B DE SOUSA, 244, VILA IRACEMA', '(11) 96898-3402', '', 16),
(43, 'LEONARDO DA SILVA NASCIMENTO', '', '030.946.817-51', 'VILA SÃO DOMINGOS, 36', '(21) 97945-3884', '', 16),
(44, 'LEONARDO EMANOEL ARAUJO GUIMARÃES', '', '088.178.173-84', 'RUA ANT SALUSTIANO AGUIAR, 236, TEJUBANA', '(88) 99619-5400', '', 16),
(45, 'MARIA CLARA SANTIAGO SANDES', '', '', 'ST AMONTADA', '(88) 99601-4281', '', 16),
(46, 'MARIA JULIA HERMÍNIO SIQUEIRA', '', '115.123.949-63', 'RUA FISCAL CHICO LUCAS', '(88) 99711-8127', '', 16),
(47, 'MARIA LUYZA SILVA DIAS', '', '638.969.213-71', 'DT CANGATI', '(88) 99819-4054', '', 16),
(48, 'MARIA VITORIA DO NASCIMENTO SILVA', '', '110.939.473-06', 'RUA ANT PAULINO FILHO, 107, BEIRA RIO', '(88) 99815-0337', '', 16),
(49, 'MATHEUS RODRIGUES DA SILVA', '', '635.748.973-59', 'R JOSÉ DE SÁ AZEVEDO, 375, RECREIO', '(88) 99747-7493', '', 16),
(50, 'MATHEUS YURI NASCIMENTO LIMA', '', '107.494.613-81', 'RUA FISCAL CHICO LUCAS', '(88) 98180-9061', '', 16),
(51, 'NAYANE CRISTINA DE OLIVEIRA MODESTO', '', '110.558.703-77', 'RUA FCO NOGUEIRA FILHO, 59, SÃO JOSÉ', '(88) 99797-5953', '', 16),
(52, 'PEDRO ENRIQUE SILVA DE SOUSA', '', '107.674.383-88', 'R FCO ALENCAR II, 40, SÃO JOSÉ', '(88) 99767-0180', '', 16),
(53, 'PEDRO HUGO AGUIAR MARQUES', '', '116.985.983-60', 'R SANTIAGO, 120, ANT FELINTO', '(88) 98896-7132', '', 16),
(54, 'RIAN OLIVEIRA DE MOURA', '', '068.904.873-46', 'TV SANTIAGO I, 27, ANT FELINTO', '(88) 99654-0688', '', 16),
(55, 'BIANCA DA CONCEIÇÃO GONÇALVES', '', '111.851.353-32', 'TV 4, 15, RECREIO', '(19) 98220-2866', '', 16),
(56, 'GABRIEL ARAÚJO DIAS', '', '097.138.193-30', 'LT SANTO EXPEDITO', '(88) 99109-2228', '', 16),
(57, 'YASMIM DA SILVA HERMÍNIO', '', '122.375.893-13', 'TV 3, 91, RECREIO', '', '', 16),
(58, 'ANA CLARA DE LIMA', '', '110.499.423-29', 'ST BARRA GRANDE', '(88) 99409-9486', '', 13),
(59, 'ANTONIO ENZO DE CARVALHO FREIRE', '', '075.322.843-28', 'RUA SAO SEBASTIAO B DE LIMA, 29, RECREIO', '(88) 99919-1888', '', 13),
(60, 'ANTONIO MIGUEL CAVALCANTE BENEVIDES', '', '080.172.073-79', 'RUA PREFEITO C BENEVIDES, 70, SÃO JOSÉ', '(88) 99801-8256', '', 13),
(61, 'ANTONIO RUAN SOUZA RIBEIRO', '', '084.303.073-97', 'ST CACHOEIRA', '(88) 98144-7224', '', 13),
(62, 'HENRIK SALES LIMA', '', '124.076.293-37', 'RU JOANA VIEIRA SÁ, 31, SÃO DOMINGOS', '(88) 99921-5951', '', 13),
(63, 'ISABELLE DOURADO DA SILVA', '', '121.733.383-58', 'ST FLORES', '(85) 98134-7809', '', 13),
(64, 'IZAQUE RYAN RIBEIRO TEOFILO', '', '073.068.963-85', 'ST TEIXEIRA', '(88) 99624-0515', '', 13),
(65, 'JAYANNE FREIRE LEAL', '', '107.890.953-94', 'ST FLORES', '(88) 99753-9740', '', 13),
(66, 'JOÃO LUCAS SILVA MELLO', '', '076.309.813-25', 'RUA FISCAL C LUCAS, 9, RECREIO', '(33) 99145-9116', '', 13),
(67, 'LAISLA TORRES DE CARVALHO', '', '118.306.763-18', 'ST QUEIMADA DOS TORRES', '(88) 99750-6197', '', 13),
(68, 'JOÃO PEDRO FERREIRA TORQUATO', '', '123.431.243-37', 'ST RECREACAO', '(88) 99991-6042', '', 13),
(69, 'LORENA ALMEIDA ALENCAR ARAÚJO', '', '110.165.343-45', 'LT IPIRANGA', '(88) 99763-8030', '', 13),
(70, 'LUIZ ALVES DA SILVA NETO', '', '103.700.623-29', 'ST BETANIA', '(88) 99986-8246', '', 13),
(71, 'LUIZ FERNANDO DOS SANTOS DE LIMA', '', '095.858.903-80', 'R FISCAL C LUCAS, 103, V BETANIA', '(88) 99806-5784', '', 13),
(72, 'MARIA ALICE LIMA ARAÚJO', '', '635.866.313-59', 'RUA RDO BENONE DE A PEDRO, 192, RECREIO', '(88) 99944-0959', '', 13),
(73, 'MARIA EDUARDA DE SOUZA SIMÃO', '', '533.681.358-30', 'ST RECREAÇÃO', '(88) 99630-2634', '', 13),
(74, 'MARIA EDUARDA LIMA SANTOS', '', '097.432.483-31', 'RUA MANOEL ALENCAR, 181, ANT SOARES', '(88) 99719-5694', '', 13),
(75, 'MARIA JÚLIA RODRIGUES SANTOS', '', '122.491.213-62', 'RUA SAO SEBASTIAO', '(88) 99723-2335', '', 13),
(76, 'MARIA VITÓRYA MARQUES ARAÚJO', '', '122.163.583-20', 'RECREAÇÃO', '(88) 99766-2182', '', 13),
(77, 'MAYARA MARQUES SILVA', '', '109.564.033-01', 'RUA JOÃO RODRIGUES, 308, VILA SÃO JOSÉ', '(88) 99920-9528', '', 13),
(78, 'NICOLLY CAVALCANTE MODESTO', '', '122.603.343-18', 'ST BARRA NOVA', '(88) 98842-0724', '', 13),
(79, 'RENZO FREITAS HOLANDA SINDEAUX', '', '080.992.053-08', 'JOSE DE SÁ AZEVEDO, 347, RECREIO', '(88) 99617-4727', '', 13),
(80, 'SANDY VITÓRIA LIMA CAVALCANTE', '', '086.686.693-03', 'DONA FILOMENA, 137, ANT SOARES', '(88) 99636-5029', '', 13),
(81, 'TAMIRIS LIMA DE ALMEIDA', '', '110.456.913-21', 'RUA PADRE SARMENTO, 77, CENTRO', '(88) 99959-2916', '', 13),
(82, 'THIAGO SOUSA DA SILVA', '', '635.749.143-85', 'VL SAO DOMINGOS, 70', '(88) 99651-5295', '', 13),
(83, 'YURI DE FRANÇA MOREIRA', '', '127.558.823-95', 'RUA SEBASTIANA ACELINO DE LIMA', '(88) 99678-9343', '', 13),
(84, 'ALINE NASCIMENTO ALVES', '', '116.508.583-61', 'RECREAÇÃO', '(88) 99822-7038', '', 14),
(85, 'ANTONIA LAYLLA KELLY MARIANO DA SILVA', '', '222.003.937-41', 'TV AMELIA A FARIAS, 55, RECREIO', '(88) 99628-2159', '', 14),
(86, 'ARTHUR DA SILVA LIMA', '', '097.113.903-29', 'RUA Mª MARQUES TEIXEIRA, 245, BETANIA', '(88) 99600-4116', '', 14),
(87, 'BIANCA SOUSA FAUSTINO', '', '074.354.033-69', 'RUA OLIMPIO VIEIRA, 64, ANT SOARES', '(88) 99924-4479', '', 14),
(88, 'CAUAN PEREIRA DA SILVA', '', '117.984.823-39', 'ST CONDADO', '(19) 98255-6414', '', 14),
(89, 'ENZO CARNEIRO DOS SANTOS', '', '461.625.558-01', 'ST RIACHO DA PALHA', '(11) 94032-8921', '', 14),
(90, 'FELIPE FERREIRA DA SILVA', '', '122.627.243-69', 'ST BANQUINHA', '', '', 14),
(91, 'GEOVANY DA SILVA MODESTO', '', '095.330.563-55', 'ST QUEIMADAS DOS TORRES', '(88) 99767-1374', '', 14),
(92, 'IHÁLIS FÉLIX DE MELO', '', '120.465.523-50', 'ST MACAPÁ', '(88) 99993-2174', '', 14),
(93, 'JANNIEL DA SILVA MODESTO', '', '', 'ST QUEIMADAS DOS TORRES', '(88) 99767-1374', '', 14),
(94, 'LAISA MARIA DE LIMA', '', '120.082.043-67', 'CASAS POPULARES', '(88) 99630-7268', '', 14),
(95, 'LAISLA VITÓRIA XAVIER DA SILVA', '', '110.751.113-58', 'RUA SAO JOSÉ, 85, BEIRA RIO', '(88) 99647-5935', '', 14),
(96, 'LEONARDO MESQUITA VIEIRA', '', '', 'RUA JOSÉ AUGUSTO SOBRINHO, 104, VILA SÃO JOSÉ', '(88) 99687-9484', '', 14),
(97, 'LUAN YURI BRAGA DA SILVA', '', '116.894.993-97', 'RUA SÃO SEBASTIÃO', '(88) 99784-3515', '', 14),
(98, 'MARCOS VENICIUS PINHEIRO SILVA', '', '106.295.853-50', 'ST CANUDOS', '(88) 98216-7578', '', 14),
(99, 'MARCOS VINICIUS PEREIRA LIMA', '', '123.871.793-40', 'RUA MARIA ALMEIDA DA COSTA', '(88) 99998-9062', '', 14),
(100, 'MARIA GIOVANNA SILVA GALENO', '', '114.927.713-09', 'RUA SEBASTIANA A DE LIMA, 80, RECREIO', '(88) 99624-0583', '', 14),
(101, 'NAELITON DA SILVA OLIVEIRA', '', '090.772.703-45', 'ST ALMOÇO', '(88) 99699-4199', '', 14),
(102, 'NATANAEL FELIX DE MELO', '', '', 'ST MACAPÁ', '(88) 99993-2174', '', 14),
(103, 'PAULO FERNANDO AMORIM DE SOUSA', '', '082.980.863-92', 'ST CALDEIRÃO', '(88) 99963-1975', '', 14),
(104, 'PEDRO JORGE LIMA DA SILVA', '', '060.469.243-91', 'RUA DONA F ALENCAR, 145, ANT SOARES', '(88) 99718-0220', '', 14),
(105, 'SUIANE PAULINO DA SILVA', '', '111.013.473-84', 'ST AMONTADA', '', '', 14),
(106, 'THIAGO ARAÚJO PEREIRA', '', '', 'TUA ANT NONATO DE CARVALHO, 864, TEJUBANA', '(88) 99778-3686', '', 14),
(107, 'VITOR AVELINO DA SILVA', '', '106.583.713-55', 'TV ANT LEMOS, 71', '(88) 99731-8791', '', 14),
(108, 'LORRANE LIRA DE OLIVEIRA', '', '072.392.863-04', 'RUA CARLOSA.V DE LIMA, 84, CASTELO DE CASTRO', '(88) 99688-3946', '', 14),
(109, 'ADRYAN KAUAN AZEVEDO DOS SANTOS', '', '109.840.493-98', 'VEREADOR ANT LEMOS, 149, BEIRA RIO', '(88) 99983-9603', '', 11),
(110, 'ALISSON DO NASCIMENTO SOUZA', '', '118.930.323-02', 'ST JOAO ALVES', '(88) 99664-4336', '', 11),
(111, 'ANA LETÍCIA FELIPE HENRIQUE', '', '127.431.893-98', 'ST RIACHO VERDE', '(88) 98224-2410', '', 11),
(112, 'ANA LIVIA BORGES NASCIMENTO', '', '122.228.853-29', 'ST CACIMBINHAS', '(88) 99315-2293', '', 11),
(113, 'ANTONIO JEFESON MOREIRA DE SOUSA', '', '150.909.556-03', 'ST RECREAÇÃO', '(88) 99730-1083', '', 11),
(114, 'ANTONIO LUAN ANDRADE TORRES', '', '122.633.483-30', 'ST GENIPAPEIRO', '(88) 99911-9597', '', 11),
(115, 'ARTHUR FREITAS DE CARVALHO', '', '545.173.888-24', 'ST QUEIMADAS DOS TORRES', '(88) 99720-2682', '', 11),
(116, 'BERNARDO VIEIRA LOPES', '', '080.734.053-77', 'RUA PADRE SARMENTO, 215, CENTRO', '(88) 99906-4663', '', 11),
(117, 'BIANCA BEZERRA MARQUES', '', '111.843.943-00', 'RUA Mª ALGUSTA BEZERRA', '(88) 99672-6797', '', 11),
(118, 'CÍCERO FERNANDO DO NASCIMENTO VERÔNICA', '', '097.266.723-76', 'ST SERAFIM DIAS', '(88) 99609-0419', '', 11),
(119, 'DAVI SOUSA VIEIRA', '', '111.004.903-02', 'ST PICADA', '(88) 99733-5215', '', 11),
(120, 'FRANCISCA LARISSA MARQUES SILVA', '', '091.439.783-47', 'ST PICADA', '(88) 99712-4852', '', 11),
(121, 'FRANCISCO GONÇALVES TORRES', '', '085.165.603-09', 'ST LAGOA DO SITONHO', '(88) 99920-6359', '', 11),
(122, 'FRANCISCO KAUÃN MATIAS RODRIGUES', '', '076.624.993-08', 'ST GENIPAPEIRO', '(88) 99640-3532', '', 11),
(123, 'JENNERFER SOUZA DE ALMEIDA', '', '109.763.983-54', 'ST LAGOA DO SITONHO', '(88) 99998-4900', '', 11),
(124, 'JHONATA LOPES BEZERRA', '', '126.890.263-25', 'FZ AMONTADA', '(88) 99982-2372', '', 11),
(125, 'JOÃO HENRIQUE AMORIM DE LIMA', '', '122.235.633-33', 'ST CALDEIRÃO', '(88) 99909-3000', '', 11),
(126, 'JOÃO MARCOS MOREIRA DA SILVA', '', '127.425.813-83', 'ST RECREAÇÃO', '(88) 99730-1083', '', 11),
(127, 'JOSÉ CARLOS CAVALCANTE DE LIMA', '', '622.343.723-48', 'ST MACAPÁ', '(88) 99659-4907', '', 11),
(128, 'JOSÉ HENRIQUE ALVES DO NASCIMENTO', '', '627.697.203-76', 'RUA JOSÉ DE SÁ AZEVEDO, 231, RECREIO', '(85) 99261-9694', '', 11),
(129, 'KAUÊ DANTAS HONÓRIO', '', '121.986.563-02', 'ST RIACHO VERDE', '(88) 98152-4595', '', 11),
(130, 'LARYSSA PEREIRA DE SOUZA', '', '116.514.883-80', 'RUA FCO VIEIRA COSTA, 297, BETANIA', '(88) 98176-7584', '', 11),
(131, 'LAYSA SANTOS HENRIQUE', '', '115.839.703-80', 'AV PLÁCIDO A CASTELO, 114, CENTRO', '(88) 99813-4296', '', 11),
(132, 'LORENA CARNAUBA DA SILVA', '', '092.499.583-15', 'ST BETANIA', '(88) 99714-1622', '', 11),
(133, 'MARCOS VINÍCIUS TEIXEIRA LIMA', '', '129.765.893-05', 'ST MARAJÓS', '(88) 98236-8184', '', 11),
(134, 'MARIA DANIELLE GONÇALVES LIMA', '', '096.029.103-21', 'ST QUEIMADAS DOS TORRES', '(88) 99603-0857', '', 11),
(135, 'MARIA FERNANDA RIBEIRO CAVALCANTE', '', '122.026.803-81', 'ST PAUS BRANCO', '(88) 99661-8980', '', 11),
(136, 'MARIA LARA DE OLIVEIRA FERREIRA', '', '124.265.483-63', 'RUA AMELIA ACELINO FARIAS, 34, RECREIO', '(88) 99787-5098', '', 11),
(137, 'MARIA SOPHIA PEREIRA MOURA', '', '097.371.223-64', 'RUA FISCAL CHICO LUCAS, 20, BETANIA', '(88) 98146-0981', '', 11),
(138, 'MARTA MARIA BATISTA ARAÚJO', '', '111.945.483-26', '', '(88) 99674-4963', '', 11),
(139, 'SAMARA DOTH DO NASCIMENTO', '', '099.747.023-21', 'ST RECREAÇÃO', '(88) 99905-8515', '', 11),
(140, 'STEFFANY FRUTUOSO DANTAS', '', '077.245.583-02', 'RUA OLIMPIO VIEIRA, 63, ANT SOARES', '(88) 99908-8146', '', 11),
(141, 'VICENTE MINEIRO DA SILVA', '', '082.361.833-19', 'RUA FRANCISCA P JOTA, 50, TEJUBANA', '(88) 99629-2611', '', 11),
(142, 'ALESSANDRA SANTIAGO RIBEIRO', '', '087.636.803-86', 'RUA OLIMPIO VIEIRA, 52, ANT SOARES', '(88) 98896-7925', '', 12),
(143, 'ANA JULIA RODRIGUES FERREIRA', '', '098.100.453-95', 'RUA ANT E SOBRINHO, 93', '(88) 98150-4092', '', 12),
(144, 'ANTONIA MARIA CLARA FERREIRA DA SILVA', '', '129.445.913-98', 'ST RECREAÇÃO', '(88) 99632-9795', '', 12),
(145, 'ANTONIO HIAGO ARAÚJO PEREIRA', '', '126.572.663-98', 'ANT NONATO CARVALHO, 864, TEJUBANA', '(88) 99778-3686', '', 12),
(146, 'ANTONIO LUCAS MOTA DE OLIVEIRA', '', '089.480.583-55', 'CASAS POPULARES', '(88) 99787-7364', '', 12),
(147, 'CARLOS HENRIQUE SANTIAGO RIBEIRO', '', '123.045.523-07', 'RUA JOSÉ DE SÁ AZEVEDO, 367, RECREIO', '(88) 99689-3180', '', 12),
(148, 'CAUÃ BRAUWOL FERNANDES CAVALCANTE', '', '123.649.233-10', 'RUA MARIA M TEIXEIRA, 35, RECREIO', '(88) 99957-9931', '', 12),
(149, 'DAVI NOGUEIRA VIEIRA', '', '122.502.723-36', 'RUA FCO B FEIJÓ, 115, VILA SALETE', '(88) 99830-8822', '', 12),
(150, 'FRANCISCA EMILLY VIEIRA DA SILVA', '', '109.921.573-07', 'RUA PREFEITO CARLOS, 50, SÃO JOSÉ', '(88) 99966-2877', '', 12),
(151, 'FRANCISCA ERYKA ARAÚJO OLIVEIRA', '', '110.161.383-18', 'ANT GENEROSA ALMEIDA, 36, TEJUBANA', '(88) 98219-5322', '', 12),
(152, 'FRANCISCO EDILSON FARIAS DE OLIVEIRA', '', '', 'ST RECREAÇÃO', '(88) 99960-0647', '', 12),
(153, 'HELLEN ALBES RIBEIRO', '', '109.905.903-80', 'VILA RECREIO, 104', '(88) 99868-4039', '', 12),
(154, 'ISAAC SAMUEL XAVIER SILVA ARGOLO', '', '092.354.063-66', 'JOSÉ SÁ AZEVEDO, 223, RECREIO', '(88) 99936-1906', '', 12),
(155, 'ITALO EMANUEL VIEIRA DE SOUSA', '', '110.751.693-56', 'CASAS POPULARES', '(88) 99930-9501', '', 12),
(156, 'JOÃO PEDRO DE SOUSA SANTOS', '', '110.345.283-51', 'RUA VEREADOR A LEMOS, 77, CENTRO', '(88) 99654-0748', '', 12),
(157, 'LEANDRO DE SOUZA RIBEIRO', '', '121.173.173-16', 'FCO NOGUEIRA FILHO, 83', '(88) 99982-9959', '', 12),
(158, 'LORRANY LIMA NASCIMENTO', '', '122.890.593-23', 'R ALTO ALEGRE, 68, RECREIO', '(88) 99984-2790', '', 12),
(159, 'LUANY LIMA NASCIMENTO', '', '122.890.713-74', 'R ALTO ALEGRE, 68, RECREIO', '(88) 99984-2790', '', 12),
(160, 'MANOEL VITOR BESERRA DA SILVA', '', '111.842.203-10', 'VL BETANIA, 24, RECREIO', '(88) 99730-3259', '', 12),
(161, 'MARCOS GABRIEL TELES PORFIRIO', '', '128.561.153-57', 'RUA PADRE L ADERALDO, 33, ANT SOARES', '(88) 99935-9995', '', 12),
(162, 'MARIA ELOA ALVES OLIVEIRA', '', '118.575.143-27', 'RUA JULIO C DE FREITAS, 76', '(88) 98851-3336', '', 12),
(163, 'MARIA ISADORA ALVES LIMA', '', '089.770.043-06', 'TRAVESSA MARIA DA GLÓRIA, 103, TEJUBANA', '(88) 98855-1185', '', 12),
(164, 'MARIA LUISA SOUSA MARQUES', '', '122.687.583-11', 'RUA FCO BARROSO FEIJÓ, 120, VILA SALETE', '(88) 99977-9974', '', 12),
(165, 'MELISSA VIEIRA XAVIER', '', '080.326.813-02', 'RUA JOANA VIEIRA SÁ, S/N, SÃO DOMINGOS', '(88) 99920-6928', '', 12),
(166, 'PEDRO BORGES DE SOUSA NETO', '', '132.091.663-58', 'RUA FCO BARROSO FEIJO, 192, VILA SALETE', '(88) 99699-8478', '', 12),
(167, 'PEDRO HENRIQUE VIEIRA SILVA', '', '470.713.488-20', 'RUA CASIMIRO F BENEVIDES, 255, ANT SOARES', '(11) 96068-4774', '', 12),
(168, 'PEDRO RAFAEL TELES PORFIRIO', '', '128.560.863-14', 'RUA PADRE LINO ADERALDO, 35, ANT SOARES', '', '', 12),
(169, 'SAMUEL DE SOUZA ARAÚJO', '', '126.148.563-71', 'VILA IRACEMA', '(88) 98170-8991', '', 12),
(170, 'THIAGO FELIX DE MELO', '', '120.466.193-66', 'ST MACAPÁ', '(88) 98102-4934', '', 12),
(171, 'VINICIUS MARTINS GOMES', '', '110.504.403-31', 'RUA SEBASTIANA ACELINO, 66, RECREIO', '(88) 98111-0951', '', 12),
(172, 'VITOR EMANUEL ARAUJO SILVA', '', '115.299.453-05', 'R JOANA VIEIRA SÁ, 714, SÃO DOMINGOS', '(88) 99813-5620', '', 12),
(173, 'JACKELINE PAULINO PEREIRA', '', '635.839.063-57', 'ST PICADA', '(88) 99807-1888', '', 12),
(174, 'ISADORA MOREIRA GOMES', '', '', 'RUA SAO PEDRO, S/N, ANT FELINTO', '(99) 98191-6982', '', 12);

-- --------------------------------------------------------

--
-- Estrutura para tabela `ocorrencia`
--

CREATE TABLE `ocorrencia` (
  `id` int(11) NOT NULL,
  `data` date NOT NULL,
  `descricao` text NOT NULL
) ENGINE=InnoDB DEFAULT CHARSET=utf8mb4 COLLATE=utf8mb4_general_ci;

-- --------------------------------------------------------

--
-- Estrutura para tabela `ocorrencia_aluno`
--

CREATE TABLE `ocorrencia_aluno` (
  `id` int(11) NOT NULL,
  `ocorrencia_id` int(11) NOT NULL,
  `alunos_id` int(11) NOT NULL
) ENGINE=InnoDB DEFAULT CHARSET=utf8mb4 COLLATE=utf8mb4_general_ci;

-- --------------------------------------------------------

--
-- Estrutura para tabela `turma`
--

CREATE TABLE `turma` (
  `id` int(11) NOT NULL,
  `ano` int(11) NOT NULL,
  `turma` varchar(10) NOT NULL
) ENGINE=InnoDB DEFAULT CHARSET=utf8mb4 COLLATE=utf8mb4_general_ci;

--
-- Despejando dados para a tabela `turma`
--

INSERT INTO `turma` (`id`, `ano`, `turma`) VALUES
(1, 1, 'A'),
(2, 1, 'B'),
(3, 2, 'A'),
(4, 2, 'B'),
(5, 3, 'A'),
(6, 3, 'B'),
(7, 4, 'A'),
(8, 4, 'B'),
(9, 5, 'A'),
(10, 5, 'B'),
(11, 6, 'A'),
(12, 6, 'B'),
(13, 7, 'A'),
(14, 7, 'B'),
(15, 8, 'A'),
(16, 8, 'B'),
(17, 9, 'A'),
(18, 9, 'B');

-- --------------------------------------------------------

--
-- Estrutura para tabela `usuarios`
--

CREATE TABLE `usuarios` (
  `id` int(11) NOT NULL,
  `nome` varchar(100) NOT NULL,
  `login` varchar(50) NOT NULL,
  `senha` varchar(255) NOT NULL,
  `nivel` enum('admin','usuario') DEFAULT 'usuario',
  `foto` varchar(255) DEFAULT NULL
) ENGINE=InnoDB DEFAULT CHARSET=utf8mb4 COLLATE=utf8mb4_general_ci;

--
-- Despejando dados para a tabela `usuarios`
--

INSERT INTO `usuarios` (`id`, `nome`, `login`, `senha`, `nivel`, `foto`) VALUES
(1, 'Administrador', 'admin', '$2y$10$XjB0tLXtB1HBAuJx7NeE9uPAJZSYXWa3AMTbTY4P9ZcMIE8aKIg4q', 'admin', 'uploads/foto_1.png'),
(2, 'Italo', 'italo', '$2y$10$EcIN.qIex23jEAQCSgAr3OetKMCBQEFNdLkbjVMjzc9rfVPG0ZqaS', 'admin', 'uploads/foto_2.jpg'),
(3, 'Periany', 'periany', '$2y$10$vZywuG.jGkS01DLFIApOCe.WX6MJQ9FfsTQ/3A5hW1AKOFgYhg/KC', 'admin', NULL),
(4, 'Denise', 'denise', '$2y$10$vZywuG.jGkS01DLFIApOCe.WX6MJQ9FfsTQ/3A5hW1AKOFgYhg/KC', 'admin', NULL),
(5, 'Larisa', 'larisa', '$2y$10$vZywuG.jGkS01DLFIApOCe.WX6MJQ9FfsTQ/3A5hW1AKOFgYhg/KC', 'admin', NULL),
(6, 'Marta', 'marta', '$2y$10$vZywuG.jGkS01DLFIApOCe.WX6MJQ9FfsTQ/3A5hW1AKOFgYhg/KC', 'admin', 'uploads/foto_6.png');

--
-- Índices para tabelas despejadas
--

--
-- Índices de tabela `alunos`
--
ALTER TABLE `alunos`
  ADD PRIMARY KEY (`id`),
  ADD KEY `turma` (`turma`);

--
-- Índices de tabela `ocorrencia`
--
ALTER TABLE `ocorrencia`
  ADD PRIMARY KEY (`id`);

--
-- Índices de tabela `ocorrencia_aluno`
--
ALTER TABLE `ocorrencia_aluno`
  ADD PRIMARY KEY (`id`),
  ADD KEY `ocorrencia_id` (`ocorrencia_id`),
  ADD KEY `alunos_id` (`alunos_id`);

--
-- Índices de tabela `turma`
--
ALTER TABLE `turma`
  ADD PRIMARY KEY (`id`);

--
-- Índices de tabela `usuarios`
--
ALTER TABLE `usuarios`
  ADD PRIMARY KEY (`id`),
  ADD UNIQUE KEY `login` (`login`);

--
-- AUTO_INCREMENT para tabelas despejadas
--

--
-- AUTO_INCREMENT de tabela `alunos`
--
ALTER TABLE `alunos`
  MODIFY `id` int(11) NOT NULL AUTO_INCREMENT, AUTO_INCREMENT=175;

--
-- AUTO_INCREMENT de tabela `ocorrencia`
--
ALTER TABLE `ocorrencia`
  MODIFY `id` int(11) NOT NULL AUTO_INCREMENT;

--
-- AUTO_INCREMENT de tabela `ocorrencia_aluno`
--
ALTER TABLE `ocorrencia_aluno`
  MODIFY `id` int(11) NOT NULL AUTO_INCREMENT;

--
-- AUTO_INCREMENT de tabela `turma`
--
ALTER TABLE `turma`
  MODIFY `id` int(11) NOT NULL AUTO_INCREMENT, AUTO_INCREMENT=19;

--
-- AUTO_INCREMENT de tabela `usuarios`
--
ALTER TABLE `usuarios`
  MODIFY `id` int(11) NOT NULL AUTO_INCREMENT, AUTO_INCREMENT=10;

--
-- Restrições para tabelas despejadas
--

--
-- Restrições para tabelas `alunos`
--
ALTER TABLE `alunos`
  ADD CONSTRAINT `alunos_ibfk_1` FOREIGN KEY (`turma`) REFERENCES `turma` (`id`) ON DELETE CASCADE;

--
-- Restrições para tabelas `ocorrencia_aluno`
--
ALTER TABLE `ocorrencia_aluno`
  ADD CONSTRAINT `ocorrencia_aluno_ibfk_1` FOREIGN KEY (`ocorrencia_id`) REFERENCES `ocorrencia` (`id`) ON DELETE CASCADE,
  ADD CONSTRAINT `ocorrencia_aluno_ibfk_2` FOREIGN KEY (`alunos_id`) REFERENCES `alunos` (`id`) ON DELETE CASCADE;
COMMIT;

/*!40101 SET CHARACTER_SET_CLIENT=@OLD_CHARACTER_SET_CLIENT */;
/*!40101 SET CHARACTER_SET_RESULTS=@OLD_CHARACTER_SET_RESULTS */;
/*!40101 SET COLLATION_CONNECTION=@OLD_COLLATION_CONNECTION */;
